split,style,balanced,mode,score,placed,remaining,remaining_counts,first_count,second_count,first_goods,second_goods,avg_volume_utilization,avg_weight_utilization,max_support_pressure_kg_per_m2,g3_total,g3_floor,g3_platform,validation_error_count,first_layer_metrics,second_layer_metrics
"(2, 2)",checker,True,moderate,25994.98,274,26,{'G3': 26},137,137,"{'G2': 50, 'G3': 2, 'G4': 20, 'G5': 25, 'G1': 40}","{'G2': 50, 'G3': 2, 'G4': 20, 'G5': 25, 'G1': 40}",0.6555848145709897,0.31,150.0,4,0,4,0,"{'max_standard_layer_z': 215, 'max_standard_layer_area_cm2': 25100, 'max_high_standard_layer_area_cm2': 25100}","{'max_standard_layer_z': 215, 'max_standard_layer_area_cm2': 25100, 'max_high_standard_layer_area_cm2': 25100}"
"(2, 2)",checker,True,moderate,25993.53,274,26,{'G3': 26},137,137,"{'G2': 50, 'G3': 2, 'G4': 20, 'G5': 25, 'G1': 40}","{'G2': 50, 'G3': 2, 'G4': 20, 'G5': 25, 'G1': 40}",0.6555848145709897,0.31,200.0,4,0,4,0,"{'max_standard_layer_z': 205, 'max_standard_layer_area_cm2': 32350, 'max_high_standard_layer_area_cm2': 32350}","{'max_standard_layer_z': 205, 'max_standard_layer_area_cm2': 32350, 'max_high_standard_layer_area_cm2': 32350}"
"(2, 2)",checker,True,moderate,21991.92,278,22,{'G3': 22},139,139,"{'G2': 50, 'G3': 4, 'G5': 25, 'G4': 20, 'G1': 40}","{'G2': 50, 'G3': 4, 'G5': 25, 'G4': 20, 'G1': 40}",0.670214322288055,0.315,156.25,8,4,4,0,"{'max_standard_layer_z': 210, 'max_standard_layer_area_cm2': 40400, 'max_high_standard_layer_area_cm2': 40400}","{'max_standard_layer_z': 210, 'max_standard_layer_area_cm2': 40400, 'max_high_standard_layer_area_cm2': 40400}"
"(2, 2)",checker,True,strong,25994.98,274,26,{'G3': 26},137,137,"{'G2': 50, 'G3': 2, 'G4': 20, 'G5': 25, 'G1': 40}","{'G2': 50, 'G3': 2, 'G4': 20, 'G5': 25, 'G1': 40}",0.6555848145709897,0.31,150.0,4,0,4,0,"{'max_standard_layer_z': 215, 'max_standard_layer_area_cm2': 25100, 'max_high_standard_layer_area_cm2': 25100}","{'max_standard_layer_z': 215, 'max_standard_layer_area_cm2': 25100, 'max_high_standard_layer_area_cm2': 25100}"
"(2, 2)",checker,True,strong,25993.53,274,26,{'G3': 26},137,137,"{'G2': 50, 'G3': 2, 'G4': 20, 'G5': 25, 'G1': 40}","{'G2': 50, 'G3': 2, 'G4': 20, 'G5': 25, 'G1': 40}",0.6555848145709897,0.31,200.0,4,0,4,0,"{'max_standard_layer_z': 205, 'max_standard_layer_area_cm2': 32350, 'max_high_standard_layer_area_cm2': 32350}","{'max_standard_layer_z': 205, 'max_standard_layer_area_cm2': 32350, 'max_high_standard_layer_area_cm2': 32350}"
"(2, 2)",checker,True,strong,21991.92,278,22,{'G3': 22},139,139,"{'G2': 50, 'G3': 4, 'G5': 25, 'G4': 20, 'G1': 40}","{'G2': 50, 'G3': 4, 'G5': 25, 'G4': 20, 'G1': 40}",0.670214322288055,0.315,156.25,8,4,4,0,"{'max_standard_layer_z': 210, 'max_standard_layer_area_cm2': 40400, 'max_high_standard_layer_area_cm2': 40400}","{'max_standard_layer_z': 210, 'max_standard_layer_area_cm2': 40400, 'max_high_standard_layer_area_cm2': 40400}"
"(2, 2)",checker,True,area_first,23990.495,276,24,{'G3': 24},138,138,"{'G2': 50, 'G3': 3, 'G4': 20, 'G5': 25, 'G1': 40}","{'G2': 50, 'G3': 3, 'G4': 20, 'G5': 25, 'G1': 40}",0.6628995684295224,0.3125,133.33333333333334,6,0,6,0,"{'max_standard_layer_z': 210, 'max_standard_layer_area_cm2': 47525, 'max_high_standard_layer_area_cm2': 47525}","{'max_standard_layer_z': 210, 'max_standard_layer_area_cm2': 47525, 'max_high_standard_layer_area_cm2': 47525}"
"(2, 2)",checker,True,area_first,25989.3,274,26,{'G3': 26},137,137,"{'G2': 50, 'G3': 2, 'G4': 20, 'G5': 25, 'G1': 40}","{'G2': 50, 'G3': 2, 'G4': 20, 'G5': 25, 'G1': 40}",0.6555848145709897,0.31,112.5,4,0,4,0,"{'max_standard_layer_z': 195, 'max_standard_layer_area_cm2': 53500, 'max_high_standard_layer_area_cm2': 53500}","{'max_standard_layer_z': 195, 'max_standard_layer_area_cm2': 53500, 'max_high_standard_layer_area_cm2': 53500}"
"(2, 2)",checker,True,area_first,25991.89,274,26,{'G3': 26},137,137,"{'G2': 50, 'G3': 2, 'G5': 25, 'G4': 20, 'G1': 40}","{'G2': 50, 'G3': 2, 'G5': 25, 'G4': 20, 'G1': 40}",0.6555848145709897,0.31,156.25,4,0,4,0,"{'max_standard_layer_z': 215, 'max_standard_layer_area_cm2': 40550, 'max_high_standard_layer_area_cm2': 40550}","{'max_standard_layer_z': 215, 'max_standard_layer_area_cm2': 40550, 'max_high_standard_layer_area_cm2': 40550}"
"(2, 2)",front_rows,True,moderate,25994.515,274,26,{'G3': 26},137,137,"{'G2': 50, 'G3': 2, 'G4': 20, 'G5': 25, 'G1': 40}","{'G2': 50, 'G3': 2, 'G4': 20, 'G5': 25, 'G1': 40}",0.6555848145709897,0.31,150.0,4,0,4,0,"{'max_standard_layer_z': 210, 'max_standard_layer_area_cm2': 27425, 'max_high_standard_layer_area_cm2': 27425}","{'max_standard_layer_z': 210, 'max_standard_layer_area_cm2': 27425, 'max_high_standard_layer_area_cm2': 27425}"
"(2, 2)",front_rows,True,moderate,25992.38,274,26,{'G3': 26},137,137,"{'G2': 50, 'G3': 2, 'G4': 20, 'G5': 25, 'G1': 40}","{'G2': 50, 'G3': 2, 'G4': 20, 'G5': 25, 'G1': 40}",0.6555848145709897,0.31,150.0,4,0,4,0,"{'max_standard_layer_z': 210, 'max_standard_layer_area_cm2': 38100, 'max_high_standard_layer_area_cm2': 38100}","{'max_standard_layer_z': 210, 'max_standard_layer_area_cm2': 38100, 'max_high_standard_layer_area_cm2': 38100}"
"(2, 2)",front_rows,True,moderate,25993.93,274,26,{'G3': 26},137,137,"{'G2': 50, 'G3': 2, 'G5': 25, 'G4': 20, 'G1': 40}","{'G2': 50, 'G3': 2, 'G5': 25, 'G4': 20, 'G1': 40}",0.6555848145709897,0.31,156.25,4,0,4,0,"{'max_standard_layer_z': 210, 'max_standard_layer_area_cm2': 30350, 'max_high_standard_layer_area_cm2': 30350}","{'max_standard_layer_z': 210, 'max_standard_layer_area_cm2': 30350, 'max_high_standard_layer_area_cm2': 30350}"
"(2, 2)",front_rows,True,strong,25994.515,274,26,{'G3': 26},137,137,"{'G2': 50, 'G3': 2, 'G4': 20, 'G5': 25, 'G1': 40}","{'G2': 50, 'G3': 2, 'G4': 20, 'G5': 25, 'G1': 40}",0.6555848145709897,0.31,150.0,4,0,4,0,"{'max_standard_layer_z': 210, 'max_standard_layer_area_cm2': 27425, 'max_high_standard_layer_area_cm2': 27425}","{'max_standard_layer_z': 210, 'max_standard_layer_area_cm2': 27425, 'max_high_standard_layer_area_cm2': 27425}"
"(2, 2)",front_rows,True,strong,25992.38,274,26,{'G3': 26},137,137,"{'G2': 50, 'G3': 2, 'G4': 20, 'G5': 25, 'G1': 40}","{'G2': 50, 'G3': 2, 'G4': 20, 'G5': 25, 'G1': 40}",0.6555848145709897,0.31,150.0,4,0,4,0,"{'max_standard_layer_z': 210, 'max_standard_layer_area_cm2': 38100, 'max_high_standard_layer_area_cm2': 38100}","{'max_standard_layer_z': 210, 'max_standard_layer_area_cm2': 38100, 'max_high_standard_layer_area_cm2': 38100}"
"(2, 2)",front_rows,True,strong,25993.93,274,26,{'G3': 26},137,137,"{'G2': 50, 'G3': 2, 'G5': 25, 'G4': 20, 'G1': 40}","{'G2': 50, 'G3': 2, 'G5': 25, 'G4': 20, 'G1': 40}",0.6555848145709897,0.31,156.25,4,0,4,0,"{'max_standard_layer_z': 210, 'max_standard_layer_area_cm2': 30350, 'max_high_standard_layer_area_cm2': 30350}","{'max_standard_layer_z': 210, 'max_standard_layer_area_cm2': 30350, 'max_high_standard_layer_area_cm2': 30350}"
"(2, 2)",front_rows,True,area_first,19990.705,280,20,{'G3': 20},140,140,"{'G2': 50, 'G3': 5, 'G4': 20, 'G5': 25, 'G1': 40}","{'G2': 50, 'G3': 5, 'G4': 20, 'G5': 25, 'G1': 40}",0.6775290761465876,0.3175,150.0,10,0,10,0,"{'max_standard_layer_z': 210, 'max_standard_layer_area_cm2': 46475, 'max_high_standard_layer_area_cm2': 46475}","{'max_standard_layer_z': 210, 'max_standard_layer_area_cm2': 46475, 'max_high_standard_layer_area_cm2': 46475}"
"(2, 2)",front_rows,True,area_first,25992.92,274,26,{'G3': 26},137,137,"{'G2': 50, 'G3': 2, 'G4': 20, 'G5': 25, 'G1': 40}","{'G2': 50, 'G3': 2, 'G4': 20, 'G5': 25, 'G1': 40}",0.6555848145709897,0.31,150.0,4,0,4,0,"{'max_standard_layer_z': 200, 'max_standard_layer_area_cm2': 35400, 'max_high_standard_layer_area_cm2': 35400}","{'max_standard_layer_z': 200, 'max_standard_layer_area_cm2': 35400, 'max_high_standard_layer_area_cm2': 35400}"
"(2, 2)",front_rows,True,area_first,25992.17,274,26,{'G3': 26},137,137,"{'G2': 50, 'G3': 2, 'G5': 25, 'G4': 20, 'G1': 40}","{'G2': 50, 'G3': 2, 'G5': 25, 'G4': 20, 'G1': 40}",0.6555848145709897,0.31,156.25,4,0,4,0,"{'max_standard_layer_z': 205, 'max_standard_layer_area_cm2': 39150, 'max_high_standard_layer_area_cm2': 39150}","{'max_standard_layer_z': 205, 'max_standard_layer_area_cm2': 39150, 'max_high_standard_layer_area_cm2': 39150}"
"(2, 2)",side_rows,True,moderate,25992.8,274,26,{'G3': 26},137,137,"{'G2': 50, 'G3': 2, 'G4': 20, 'G5': 25, 'G1': 40}","{'G2': 50, 'G3': 2, 'G4': 20, 'G5': 25, 'G1': 40}",0.6555848145709897,0.31,150.0,4,0,4,0,"{'max_standard_layer_z': 210, 'max_standard_layer_area_cm2': 36000, 'max_high_standard_layer_area_cm2': 36000}","{'max_standard_layer_z': 210, 'max_standard_layer_area_cm2': 36000, 'max_high_standard_layer_area_cm2': 36000}"
"(2, 2)",side_rows,True,moderate,25993.97,274,26,{'G3': 26},137,137,"{'G2': 50, 'G3': 2, 'G4': 20, 'G5': 25, 'G1': 40}","{'G2': 50, 'G3': 2, 'G4': 20, 'G5': 25, 'G1': 40}",0.6555848145709897,0.31,150.0,4,0,4,0,"{'max_standard_layer_z': 210, 'max_standard_layer_area_cm2': 30150, 'max_high_standard_layer_area_cm2': 30150}","{'max_standard_layer_z': 210, 'max_standard_layer_area_cm2': 30150, 'max_high_standard_layer_area_cm2': 30150}"
"(2, 2)",side_rows,True,moderate,23993.11,276,24,{'G3': 24},138,138,"{'G2': 50, 'G3': 3, 'G5': 25, 'G4': 20, 'G1': 40}","{'G2': 50, 'G3': 3, 'G5': 25, 'G4': 20, 'G1': 40}",0.6628995684295224,0.3125,156.25,6,2,4,0,"{'max_standard_layer_z': 210, 'max_standard_layer_area_cm2': 34450, 'max_high_standard_layer_area_cm2': 34450}","{'max_standard_layer_z': 210, 'max_standard_layer_area_cm2': 34450, 'max_high_standard_layer_area_cm2': 34450}"
"(2, 2)",side_rows,True,strong,25992.8,274,26,{'G3': 26},137,137,"{'G2': 50, 'G3': 2, 'G4': 20, 'G5': 25, 'G1': 40}","{'G2': 50, 'G3': 2, 'G4': 20, 'G5': 25, 'G1': 40}",0.6555848145709897,0.31,150.0,4,0,4,0,"{'max_standard_layer_z': 210, 'max_standard_layer_area_cm2': 36000, 'max_high_standard_layer_area_cm2': 36000}","{'max_standard_layer_z': 210, 'max_standard_layer_area_cm2': 36000, 'max_high_standard_layer_area_cm2': 36000}"
"(2, 2)",side_rows,True,strong,25993.97,274,26,{'G3': 26},137,137,"{'G2': 50, 'G3': 2, 'G4': 20, 'G5': 25, 'G1': 40}","{'G2': 50, 'G3': 2, 'G4': 20, 'G5': 25, 'G1': 40}",0.6555848145709897,0.31,150.0,4,0,4,0,"{'max_standard_layer_z': 210, 'max_standard_layer_area_cm2': 30150, 'max_high_standard_layer_area_cm2': 30150}","{'max_standard_layer_z': 210, 'max_standard_layer_area_cm2': 30150, 'max_high_standard_layer_area_cm2': 30150}"
"(2, 2)",side_rows,True,strong,23993.11,276,24,{'G3': 24},138,138,"{'G2': 50, 'G3': 3, 'G5': 25, 'G4': 20, 'G1': 40}","{'G2': 50, 'G3': 3, 'G5': 25, 'G4': 20, 'G1': 40}",0.6628995684295224,0.3125,156.25,6,2,4,0,"{'max_standard_layer_z': 210, 'max_standard_layer_area_cm2': 34450, 'max_high_standard_layer_area_cm2': 34450}","{'max_standard_layer_z': 210, 'max_standard_layer_area_cm2': 34450, 'max_high_standard_layer_area_cm2': 34450}"
"(2, 2)",side_rows,True,area_first,21987.725,278,22,{'G3': 22},139,139,"{'G2': 50, 'G3': 4, 'G4': 20, 'G5': 25, 'G1': 40}","{'G2': 50, 'G3': 4, 'G4': 20, 'G5': 25, 'G1': 40}",0.670214322288055,0.315,150.0,8,0,8,0,"{'max_standard_layer_z': 210, 'max_standard_layer_area_cm2': 61375, 'max_high_standard_layer_area_cm2': 61375}","{'max_standard_layer_z': 210, 'max_standard_layer_area_cm2': 61375, 'max_high_standard_layer_area_cm2': 61375}"
"(2, 2)",side_rows,True,area_first,25989.92,274,26,{'G3': 26},137,137,"{'G2': 50, 'G3': 2, 'G4': 20, 'G5': 25, 'G1': 40}","{'G2': 50, 'G3': 2, 'G4': 20, 'G5': 25, 'G1': 40}",0.6555848145709897,0.31,150.0,4,0,4,0,"{'max_standard_layer_z': 205, 'max_standard_layer_area_cm2': 50400, 'max_high_standard_layer_area_cm2': 50400}","{'max_standard_layer_z': 205, 'max_standard_layer_area_cm2': 50400, 'max_high_standard_layer_area_cm2': 50400}"
"(2, 2)",side_rows,True,area_first,25991.0,274,26,{'G3': 26},137,137,"{'G2': 50, 'G3': 2, 'G5': 25, 'G4': 20, 'G1': 40}","{'G2': 50, 'G3': 2, 'G5': 25, 'G4': 20, 'G1': 40}",0.6555848145709897,0.31,156.25,4,0,4,0,"{'max_standard_layer_z': 215, 'max_standard_layer_area_cm2': 45000, 'max_high_standard_layer_area_cm2': 45000}","{'max_standard_layer_z': 215, 'max_standard_layer_area_cm2': 45000, 'max_high_standard_layer_area_cm2': 45000}"
"(4, 4)",side_rows,False,moderate,19158.633254542983,281,19,{'G3': 19},105,176,"{'G2': 10, 'G3': 4, 'G4': 40, 'G5': 37, 'G1': 14}","{'G2': 90, 'G3': 7, 'G5': 13, 'G1': 66}",0.681186453075854,0.31875,150.0,11,3,8,0,"{'max_standard_layer_z': 215, 'max_standard_layer_area_cm2': 19200, 'max_high_standard_layer_area_cm2': 19200}","{'max_standard_layer_z': 210, 'max_standard_layer_area_cm2': 36000, 'max_high_standard_layer_area_cm2': 36000}"
"(4, 4)",side_rows,False,moderate,20134.21525457956,280,20,{'G3': 20},110,170,"{'G2': 29, 'G3': 4, 'G4': 40, 'G5': 37}","{'G2': 71, 'G3': 6, 'G5': 13, 'G1': 80}",0.6775290761465877,0.3175,150.0,10,2,8,0,"{'max_standard_layer_z': 215, 'max_standard_layer_area_cm2': 16250, 'max_high_standard_layer_area_cm2': 16250}","{'max_standard_layer_z': 210, 'max_standard_layer_area_cm2': 51975, 'max_high_standard_layer_area_cm2': 51975}"
"(4, 4)",side_rows,False,moderate,22086.581380947155,278,22,{'G3': 22},156,122,"{'G2': 75, 'G3': 4, 'G5': 50, 'G4': 27}","{'G2': 25, 'G3': 4, 'G4': 13, 'G1': 80}",0.670214322288055,0.315,200.0,8,0,8,0,"{'max_standard_layer_z': 210, 'max_standard_layer_area_cm2': 14875, 'max_high_standard_layer_area_cm2': 14875}","{'max_standard_layer_z': 210, 'max_standard_layer_area_cm2': 39000, 'max_high_standard_layer_area_cm2': 39000}"
"(4, 4)",side_rows,False,strong,19158.633254542983,281,19,{'G3': 19},105,176,"{'G2': 10, 'G3': 4, 'G4': 40, 'G5': 37, 'G1': 14}","{'G2': 90, 'G3': 7, 'G5': 13, 'G1': 66}",0.681186453075854,0.31875,150.0,11,3,8,0,"{'max_standard_layer_z': 215, 'max_standard_layer_area_cm2': 19200, 'max_high_standard_layer_area_cm2': 19200}","{'max_standard_layer_z': 210, 'max_standard_layer_area_cm2': 36000, 'max_high_standard_layer_area_cm2': 36000}"
"(4, 4)",side_rows,False,strong,20134.21525457956,280,20,{'G3': 20},110,170,"{'G2': 29, 'G3': 4, 'G4': 40, 'G5': 37}","{'G2': 71, 'G3': 6, 'G5': 13, 'G1': 80}",0.6775290761465877,0.3175,150.0,10,2,8,0,"{'max_standard_layer_z': 215, 'max_standard_layer_area_cm2': 16250, 'max_high_standard_layer_area_cm2': 16250}","{'max_standard_layer_z': 210, 'max_standard_layer_area_cm2': 51975, 'max_high_standard_layer_area_cm2': 51975}"
"(4, 4)",side_rows,False,strong,22086.581380947155,278,22,{'G3': 22},156,122,"{'G2': 75, 'G3': 4, 'G5': 50, 'G4': 27}","{'G2': 25, 'G3': 4, 'G4': 13, 'G1': 80}",0.670214322288055,0.315,200.0,8,0,8,0,"{'max_standard_layer_z': 210, 'max_standard_layer_area_cm2': 14875, 'max_high_standard_layer_area_cm2': 14875}","{'max_standard_layer_z': 210, 'max_standard_layer_area_cm2': 39000, 'max_high_standard_layer_area_cm2': 39000}"
"(4, 4)",side_rows,False,area_first,19158.216159675852,281,19,{'G3': 19},105,176,"{'G2': 8, 'G3': 4, 'G4': 40, 'G5': 37, 'G1': 16}","{'G2': 92, 'G3': 7, 'G5': 13, 'G1': 64}",0.681186453075854,0.31875,150.0,11,0,11,0,"{'max_standard_layer_z': 210, 'max_standard_layer_area_cm2': 19200, 'max_high_standard_layer_area_cm2': 19200}","{'max_standard_layer_z': 210, 'max_standard_layer_area_cm2': 52500, 'max_high_standard_layer_area_cm2': 46075}"
"(4, 4)",side_rows,False,area_first,16140.936853036146,284,16,{'G3': 16},110,174,"{'G2': 29, 'G3': 4, 'G4': 40, 'G5': 37}","{'G2': 71, 'G3': 10, 'G5': 13, 'G1': 80}",0.692158583863653,0.3225,274.2857142857143,14,0,14,0,"{'max_standard_layer_z': 210, 'max_standard_layer_area_cm2': 15750, 'max_high_standard_layer_area_cm2': 15750}","{'max_standard_layer_z': 195, 'max_standard_layer_area_cm2': 55700, 'max_high_standard_layer_area_cm2': 36000}"
"(4, 4)",side_rows,False,area_first,22018.268799204783,278,22,{'G3': 22},141,137,"{'G2': 60, 'G3': 4, 'G5': 50, 'G4': 27}","{'G2': 40, 'G3': 4, 'G4': 13, 'G1': 80}",0.670214322288055,0.315,156.25,8,0,8,0,"{'max_standard_layer_z': 210, 'max_standard_layer_area_cm2': 20125, 'max_high_standard_layer_area_cm2': 20125}","{'max_standard_layer_z': 210, 'max_standard_layer_area_cm2': 48300, 'max_high_standard_layer_area_cm2': 48300}"
"(6, 8)",side_rows,False,moderate,16183.287411726596,284,16,{'G3': 16},98,186,"{'G2': 12, 'G3': 6, 'G4': 40, 'G5': 30, 'G1': 10}","{'G2': 88, 'G3': 8, 'G5': 20, 'G1': 70}",0.692158583863653,0.3225,182.85714285714286,14,0,14,0,"{'max_standard_layer_z': 210, 'max_standard_layer_area_cm2': 24000, 'max_high_standard_layer_area_cm2': 24000}","{'max_standard_layer_z': 210, 'max_standard_layer_area_cm2': 40800, 'max_high_standard_layer_area_cm2': 40800}"
"(6, 8)",side_rows,False,moderate,16159.735918759208,284,16,{'G3': 16},104,180,"{'G2': 28, 'G3': 6, 'G4': 40, 'G5': 30}","{'G2': 72, 'G3': 8, 'G5': 20, 'G1': 80}",0.692158583863653,0.3225,150.0,14,0,14,0,"{'max_standard_layer_z': 215, 'max_standard_layer_area_cm2': 21000, 'max_high_standard_layer_area_cm2': 20000}","{'max_standard_layer_z': 210, 'max_standard_layer_area_cm2': 38225, 'max_high_standard_layer_area_cm2': 38225}"
"(6, 8)",side_rows,False,moderate,16087.439964471196,284,16,{'G3': 16},122,162,"{'G2': 36, 'G3': 6, 'G5': 50, 'G4': 30}","{'G2': 64, 'G3': 8, 'G4': 10, 'G1': 80}",0.692158583863653,0.3225,156.25,14,0,14,0,"{'max_standard_layer_z': 205, 'max_standard_layer_area_cm2': 21000, 'max_high_standard_layer_area_cm2': 14000}","{'max_standard_layer_z': 210, 'max_standard_layer_area_cm2': 33600, 'max_high_standard_layer_area_cm2': 33600}"
"(6, 8)",side_rows,False,strong,16183.287411726596,284,16,{'G3': 16},98,186,"{'G2': 12, 'G3': 6, 'G4': 40, 'G5': 30, 'G1': 10}","{'G2': 88, 'G3': 8, 'G5': 20, 'G1': 70}",0.692158583863653,0.3225,182.85714285714286,14,0,14,0,"{'max_standard_layer_z': 210, 'max_standard_layer_area_cm2': 24000, 'max_high_standard_layer_area_cm2': 24000}","{'max_standard_layer_z': 210, 'max_standard_layer_area_cm2': 40800, 'max_high_standard_layer_area_cm2': 40800}"
"(6, 8)",side_rows,False,strong,16159.735918759208,284,16,{'G3': 16},104,180,"{'G2': 28, 'G3': 6, 'G4': 40, 'G5': 30}","{'G2': 72, 'G3': 8, 'G5': 20, 'G1': 80}",0.692158583863653,0.3225,150.0,14,0,14,0,"{'max_standard_layer_z': 215, 'max_standard_layer_area_cm2': 21000, 'max_high_standard_layer_area_cm2': 20000}","{'max_standard_layer_z': 210, 'max_standard_layer_area_cm2': 38225, 'max_high_standard_layer_area_cm2': 38225}"
"(6, 8)",side_rows,False,strong,16087.439964471196,284,16,{'G3': 16},122,162,"{'G2': 36, 'G3': 6, 'G5': 50, 'G4': 30}","{'G2': 64, 'G3': 8, 'G4': 10, 'G1': 80}",0.692158583863653,0.3225,156.25,14,0,14,0,"{'max_standard_layer_z': 205, 'max_standard_layer_area_cm2': 21000, 'max_high_standard_layer_area_cm2': 14000}","{'max_standard_layer_z': 210, 'max_standard_layer_area_cm2': 33600, 'max_high_standard_layer_area_cm2': 33600}"
"(6, 8)",side_rows,False,area_first,16182.217411726597,284,16,{'G3': 16},98,186,"{'G2': 12, 'G3': 6, 'G4': 40, 'G5': 30, 'G1': 10}","{'G2': 88, 'G3': 8, 'G5': 20, 'G1': 70}",0.692158583863653,0.3225,112.5,14,0,14,0,"{'max_standard_layer_z': 210, 'max_standard_layer_area_cm2': 24000, 'max_high_standard_layer_area_cm2': 24000}","{'max_standard_layer_z': 205, 'max_standard_layer_area_cm2': 51500, 'max_high_standard_layer_area_cm2': 51500}"
"(6, 8)",side_rows,False,area_first,33146.17491509661,267,33,"{'G1': 17, 'G3': 16}",100,167,"{'G2': 24, 'G3': 6, 'G4': 40, 'G5': 30}","{'G2': 76, 'G3': 8, 'G5': 20, 'G1': 63}",0.6601826598534959,0.3055,137.14285714285714,14,0,14,0,"{'max_standard_layer_z': 215, 'max_standard_layer_area_cm2': 21000, 'max_high_standard_layer_area_cm2': 19250}","{'max_standard_layer_z': 200, 'max_standard_layer_area_cm2': 49300, 'max_high_standard_layer_area_cm2': 40250}"
"(6, 8)",side_rows,False,area_first,16087.419964471195,284,16,{'G3': 16},122,162,"{'G2': 36, 'G3': 6, 'G5': 50, 'G4': 30}","{'G2': 64, 'G3': 8, 'G4': 10, 'G1': 80}",0.692158583863653,0.3225,156.25,14,0,14,0,"{'max_standard_layer_z': 195, 'max_standard_layer_area_cm2': 21000, 'max_high_standard_layer_area_cm2': 14000}","{'max_standard_layer_z': 210, 'max_standard_layer_area_cm2': 43750, 'max_high_standard_layer_area_cm2': 33800}"
