vehicle_id,uid,goods_code,label,x_cm,y_cm,z_cm,length_cm,width_cm,height_cm,weight_kg,support
layer-V1-1,G4-001,G4,directed,0,0,0,80,60,50,25,floor
layer-V1-1,G2-001,G2,standard,0,0,50,35,50,25,8,G4-001
layer-V1-1,G2-002,G2,standard,35,0,50,35,50,25,8,G4-001
layer-V1-1,G3-001,G3,fragile,0,0,75,70,50,40,15,G2-001|G2-002
layer-V1-1,G4-002,G4,directed,80,0,0,80,60,50,25,floor
layer-V1-1,G2-003,G2,standard,80,0,50,35,50,25,8,G4-002
layer-V1-1,G2-004,G2,standard,115,0,50,35,50,25,8,G4-002
layer-V1-1,G3-002,G3,fragile,80,0,75,70,50,40,15,G2-003|G2-004
layer-V1-1,G4-003,G4,directed,160,0,0,80,60,50,25,floor
layer-V1-1,G2-005,G2,standard,160,0,50,35,50,25,8,G4-003
layer-V1-1,G2-006,G2,standard,195,0,50,35,50,25,8,G4-003
layer-V1-1,G3-003,G3,fragile,160,0,75,70,50,40,15,G2-005|G2-006
layer-V1-1,G4-004,G4,directed,240,0,0,80,60,50,25,floor
layer-V1-1,G2-007,G2,standard,240,0,50,35,50,25,8,G4-004
layer-V1-1,G2-008,G2,standard,275,0,50,35,50,25,8,G4-004
layer-V1-1,G3-004,G3,fragile,240,0,75,70,50,40,15,G2-007|G2-008
layer-V1-1,G4-005,G4,directed,320,0,0,80,60,50,25,floor
layer-V1-1,G2-009,G2,standard,320,0,50,35,50,25,8,G4-005
layer-V1-1,G2-010,G2,standard,355,0,50,35,50,25,8,G4-005
layer-V1-1,G3-005,G3,fragile,320,0,75,70,50,40,15,G2-009|G2-010
layer-V1-1,G4-006,G4,directed,0,60,0,80,60,50,25,floor
layer-V1-1,G2-011,G2,standard,0,60,50,35,50,25,8,G4-006
layer-V1-1,G2-012,G2,standard,35,60,50,35,50,25,8,G4-006
layer-V1-1,G3-006,G3,fragile,0,60,75,70,50,40,15,G2-011|G2-012
layer-V1-1,G4-013,G4,directed,80,60,0,80,60,50,25,floor
layer-V1-1,G4-014,G4,directed,160,60,0,80,60,50,25,floor
layer-V1-1,G4-015,G4,directed,240,60,0,80,60,50,25,floor
layer-V1-1,G4-016,G4,directed,320,60,0,80,60,50,25,floor
layer-V1-1,G4-017,G4,directed,0,120,0,80,60,50,25,floor
layer-V1-1,G4-018,G4,directed,80,120,0,80,60,50,25,floor
layer-V1-1,G4-019,G4,directed,160,120,0,80,60,50,25,floor
layer-V1-1,G4-020,G4,directed,240,120,0,80,60,50,25,floor
layer-V1-1,G4-021,G4,directed,320,120,0,80,60,50,25,floor
layer-V1-1,G4-022,G4,directed,70,50,50,80,60,50,25,G4-013
layer-V1-1,G4-023,G4,directed,150,50,50,80,60,50,25,G4-014
layer-V1-1,G4-024,G4,directed,230,50,50,80,60,50,25,G4-015
layer-V1-1,G4-025,G4,directed,310,50,50,80,60,50,25,G4-016
layer-V1-1,G4-026,G4,directed,0,110,50,80,60,50,25,G4-017
layer-V1-1,G4-027,G4,directed,80,110,50,80,60,50,25,G4-018
layer-V1-1,G4-028,G4,directed,160,110,50,80,60,50,25,G4-019
layer-V1-1,G4-029,G4,directed,240,110,50,80,60,50,25,G4-020
layer-V1-1,G4-030,G4,directed,320,110,50,80,60,50,25,G4-021
layer-V1-1,G4-031,G4,directed,70,50,100,80,60,50,25,G4-022
layer-V1-1,G4-032,G4,directed,150,50,100,80,60,50,25,G4-023
layer-V1-1,G4-033,G4,directed,230,50,100,80,60,50,25,G4-024
layer-V1-1,G4-034,G4,directed,310,50,100,80,60,50,25,G4-025
layer-V1-1,G4-035,G4,directed,0,110,100,80,60,50,25,G4-026
layer-V1-1,G4-036,G4,directed,80,110,100,80,60,50,25,G4-027
layer-V1-1,G4-037,G4,directed,160,110,100,80,60,50,25,G4-028
layer-V1-1,G4-038,G4,directed,240,110,100,80,60,50,25,G4-029
layer-V1-1,G4-039,G4,directed,320,110,100,80,60,50,25,G4-030
layer-V1-1,G4-040,G4,directed,70,50,150,80,60,50,25,G4-031
layer-V1-1,G5-001,G5,directed,150,50,150,40,40,60,18,G4-032
layer-V1-1,G5-002,G5,directed,190,50,150,40,40,60,18,G4-032
layer-V1-1,G5-003,G5,directed,230,50,150,40,40,60,18,G4-033
layer-V1-1,G5-004,G5,directed,270,50,150,40,40,60,18,G4-033
layer-V1-1,G5-005,G5,directed,310,50,150,40,40,60,18,G4-034
layer-V1-1,G5-006,G5,directed,350,50,150,40,40,60,18,G4-034
layer-V1-1,G5-007,G5,directed,150,90,150,40,40,60,18,G4-032
layer-V1-1,G5-008,G5,directed,190,90,150,40,40,60,18,G4-032
layer-V1-1,G5-009,G5,directed,230,90,150,40,40,60,18,G4-033
layer-V1-1,G5-010,G5,directed,270,90,150,40,40,60,18,G4-033
layer-V1-1,G5-011,G5,directed,310,90,150,40,40,60,18,G4-034
layer-V1-1,G5-012,G5,directed,350,90,150,40,40,60,18,G4-034
layer-V1-1,G5-013,G5,directed,0,110,150,40,40,60,18,G4-035
layer-V1-1,G5-014,G5,directed,40,110,150,40,40,60,18,G4-035
layer-V1-1,G5-015,G5,directed,80,110,150,40,40,60,18,G4-036
layer-V1-1,G5-016,G5,directed,150,130,150,40,40,60,18,G4-037
layer-V1-1,G5-017,G5,directed,190,130,150,40,40,60,18,G4-037
layer-V1-1,G5-018,G5,directed,230,130,150,40,40,60,18,G4-038
layer-V1-1,G5-019,G5,directed,270,130,150,40,40,60,18,G4-038
layer-V1-1,G5-020,G5,directed,310,130,150,40,40,60,18,G4-039
layer-V1-1,G5-021,G5,directed,350,130,150,40,40,60,18,G4-039
layer-V1-1,G5-022,G5,directed,0,150,150,40,40,60,18,G4-035
layer-V1-1,G5-023,G5,directed,40,150,150,40,40,60,18,G4-035
layer-V1-1,G5-024,G5,directed,80,150,150,40,40,60,18,G4-036
layer-V1-1,G1-001,G1,standard,0,180,0,60,30,40,12,floor
layer-V1-1,G1-002,G1,standard,60,180,0,60,30,40,12,floor
layer-V1-1,G1-003,G1,standard,120,180,0,60,30,40,12,floor
layer-V1-1,G1-004,G1,standard,180,180,0,60,30,40,12,floor
layer-V1-1,G1-005,G1,standard,240,180,0,60,30,40,12,floor
layer-V1-1,G1-006,G1,standard,300,180,0,60,30,40,12,floor
layer-V1-1,G1-007,G1,standard,360,180,0,60,30,40,12,floor
layer-V1-1,G1-008,G1,standard,0,180,40,60,30,40,12,G1-001
layer-V1-1,G1-009,G1,standard,60,180,40,60,30,40,12,G1-002
layer-V1-1,G1-010,G1,standard,120,180,40,60,30,40,12,G1-003
layer-V1-1,G1-011,G1,standard,180,180,40,60,30,40,12,G1-004
layer-V1-1,G1-012,G1,standard,240,180,40,60,30,40,12,G1-005
layer-V1-1,G1-013,G1,standard,300,180,40,60,30,40,12,G1-006
layer-V1-1,G1-014,G1,standard,360,180,40,60,30,40,12,G1-007
layer-V1-1,G1-015,G1,standard,0,180,80,60,30,40,12,G1-008
layer-V1-1,G1-016,G1,standard,60,180,80,60,30,40,12,G1-009
layer-V1-1,G1-017,G1,standard,120,180,80,60,30,40,12,G1-010
layer-V1-1,G1-018,G1,standard,180,180,80,60,30,40,12,G1-011
layer-V1-1,G1-019,G1,standard,240,180,80,60,30,40,12,G1-012
layer-V1-1,G1-020,G1,standard,300,180,80,60,30,40,12,G1-013
layer-V1-1,G1-021,G1,standard,360,180,80,60,30,40,12,G1-014
layer-V1-1,G1-022,G1,standard,120,180,120,60,30,40,12,G1-017
layer-V1-1,G1-023,G1,standard,180,180,120,60,30,40,12,G1-018
layer-V1-1,G1-024,G1,standard,240,180,120,60,30,40,12,G1-019
layer-V1-1,G1-025,G1,standard,300,180,120,60,30,40,12,G1-020
layer-V1-1,G1-026,G1,standard,360,180,120,60,30,40,12,G1-021
layer-V1-1,G1-027,G1,standard,120,110,150,30,60,40,12,G4-036
layer-V1-1,G1-028,G1,standard,120,180,160,60,30,40,12,G1-022
layer-V1-1,G1-029,G1,standard,180,180,160,60,30,40,12,G1-023
layer-V1-1,G1-030,G1,standard,240,180,160,60,30,40,12,G1-024
layer-V1-1,G1-031,G1,standard,300,180,160,60,30,40,12,G1-025
layer-V1-1,G1-032,G1,standard,360,180,160,60,30,40,12,G1-026
layer-V1-2,G4-007,G4,directed,0,0,0,80,60,50,25,floor
layer-V1-2,G2-013,G2,standard,0,0,50,35,50,25,8,G4-007
layer-V1-2,G2-014,G2,standard,35,0,50,35,50,25,8,G4-007
layer-V1-2,G3-007,G3,fragile,0,0,75,70,50,40,15,G2-013|G2-014
layer-V1-2,G4-008,G4,directed,80,0,0,80,60,50,25,floor
layer-V1-2,G2-015,G2,standard,80,0,50,35,50,25,8,G4-008
layer-V1-2,G2-016,G2,standard,115,0,50,35,50,25,8,G4-008
layer-V1-2,G3-008,G3,fragile,80,0,75,70,50,40,15,G2-015|G2-016
layer-V1-2,G4-009,G4,directed,160,0,0,80,60,50,25,floor
layer-V1-2,G2-017,G2,standard,160,0,50,35,50,25,8,G4-009
layer-V1-2,G2-018,G2,standard,195,0,50,35,50,25,8,G4-009
layer-V1-2,G3-009,G3,fragile,160,0,75,70,50,40,15,G2-017|G2-018
layer-V1-2,G4-010,G4,directed,240,0,0,80,60,50,25,floor
layer-V1-2,G2-019,G2,standard,240,0,50,35,50,25,8,G4-010
layer-V1-2,G2-020,G2,standard,275,0,50,35,50,25,8,G4-010
layer-V1-2,G3-010,G3,fragile,240,0,75,70,50,40,15,G2-019|G2-020
layer-V1-2,G4-011,G4,directed,320,0,0,80,60,50,25,floor
layer-V1-2,G2-021,G2,standard,320,0,50,35,50,25,8,G4-011
layer-V1-2,G2-022,G2,standard,355,0,50,35,50,25,8,G4-011
layer-V1-2,G3-011,G3,fragile,320,0,75,70,50,40,15,G2-021|G2-022
layer-V1-2,G4-012,G4,directed,0,60,0,80,60,50,25,floor
layer-V1-2,G2-023,G2,standard,0,60,50,35,50,25,8,G4-012
layer-V1-2,G2-024,G2,standard,35,60,50,35,50,25,8,G4-012
layer-V1-2,G3-012,G3,fragile,0,60,75,70,50,40,15,G2-023|G2-024
layer-V1-2,G5-025,G5,directed,80,60,0,40,40,60,18,floor
layer-V1-2,G5-026,G5,directed,120,60,0,40,40,60,18,floor
layer-V1-2,G5-027,G5,directed,160,60,0,40,40,60,18,floor
layer-V1-2,G5-028,G5,directed,200,60,0,40,40,60,18,floor
layer-V1-2,G5-029,G5,directed,240,60,0,40,40,60,18,floor
layer-V1-2,G5-030,G5,directed,280,60,0,40,40,60,18,floor
layer-V1-2,G5-031,G5,directed,320,60,0,40,40,60,18,floor
layer-V1-2,G5-032,G5,directed,360,60,0,40,40,60,18,floor
layer-V1-2,G5-033,G5,directed,80,100,0,40,40,60,18,floor
layer-V1-2,G5-034,G5,directed,120,100,0,40,40,60,18,floor
layer-V1-2,G5-035,G5,directed,160,100,0,40,40,60,18,floor
layer-V1-2,G5-036,G5,directed,200,100,0,40,40,60,18,floor
layer-V1-2,G5-037,G5,directed,240,100,0,40,40,60,18,floor
layer-V1-2,G5-038,G5,directed,280,100,0,40,40,60,18,floor
layer-V1-2,G5-039,G5,directed,320,100,0,40,40,60,18,floor
layer-V1-2,G5-040,G5,directed,360,100,0,40,40,60,18,floor
layer-V1-2,G5-041,G5,directed,0,120,0,40,40,60,18,floor
layer-V1-2,G5-042,G5,directed,40,120,0,40,40,60,18,floor
layer-V1-2,G5-043,G5,directed,80,140,0,40,40,60,18,floor
layer-V1-2,G5-044,G5,directed,120,140,0,40,40,60,18,floor
layer-V1-2,G5-045,G5,directed,160,140,0,40,40,60,18,floor
layer-V1-2,G5-046,G5,directed,200,140,0,40,40,60,18,floor
layer-V1-2,G5-047,G5,directed,240,140,0,40,40,60,18,floor
layer-V1-2,G5-048,G5,directed,280,140,0,40,40,60,18,floor
layer-V1-2,G5-049,G5,directed,320,140,0,40,40,60,18,floor
layer-V1-2,G5-050,G5,directed,360,140,0,40,40,60,18,floor
layer-V1-2,G1-033,G1,standard,0,160,0,60,40,30,12,floor
layer-V1-2,G1-034,G1,standard,80,180,0,60,30,40,12,floor
layer-V1-2,G1-035,G1,standard,140,180,0,60,30,40,12,floor
layer-V1-2,G1-036,G1,standard,200,180,0,60,30,40,12,floor
layer-V1-2,G1-037,G1,standard,260,180,0,60,30,40,12,floor
layer-V1-2,G1-038,G1,standard,320,180,0,60,30,40,12,floor
layer-V1-2,G1-039,G1,standard,380,180,0,40,30,60,12,floor
layer-V1-2,G1-040,G1,standard,0,160,30,60,40,30,12,G1-033
layer-V1-2,G1-041,G1,standard,80,180,40,60,30,40,12,G1-034
layer-V1-2,G1-042,G1,standard,140,180,40,60,30,40,12,G1-035
layer-V1-2,G1-043,G1,standard,200,180,40,60,30,40,12,G1-036
layer-V1-2,G1-044,G1,standard,260,180,40,60,30,40,12,G1-037
layer-V1-2,G1-045,G1,standard,320,180,40,60,30,40,12,G1-038
layer-V1-2,G1-046,G1,standard,80,50,60,40,60,30,12,G5-025
layer-V1-2,G1-047,G1,standard,120,50,60,60,40,30,12,G5-026
layer-V1-2,G1-048,G1,standard,180,50,60,60,40,30,12,G5-028
layer-V1-2,G1-049,G1,standard,240,50,60,60,40,30,12,G5-029
layer-V1-2,G1-050,G1,standard,300,50,60,60,40,30,12,G5-031
layer-V1-2,G1-051,G1,standard,360,50,60,60,40,30,12,G5-032
layer-V1-2,G1-052,G1,standard,120,90,60,60,40,30,12,G5-034
layer-V1-2,G1-053,G1,standard,180,90,60,60,40,30,12,G5-036
layer-V1-2,G1-054,G1,standard,240,90,60,60,40,30,12,G5-037
layer-V1-2,G1-055,G1,standard,300,90,60,60,40,30,12,G5-039
layer-V1-2,G1-056,G1,standard,360,90,60,60,40,30,12,G5-040
layer-V1-2,G1-057,G1,standard,0,110,60,40,60,30,12,G5-041
layer-V1-2,G1-058,G1,standard,40,110,60,60,40,30,12,G5-042
layer-V1-2,G1-059,G1,standard,120,130,60,60,40,30,12,G5-044
layer-V1-2,G1-060,G1,standard,180,130,60,60,40,30,12,G5-046
layer-V1-2,G1-061,G1,standard,240,130,60,60,40,30,12,G5-047
layer-V1-2,G1-062,G1,standard,300,130,60,60,40,30,12,G5-049
layer-V1-2,G1-063,G1,standard,360,130,60,60,40,30,12,G5-050
layer-V1-2,G1-064,G1,standard,40,150,60,40,60,30,12,G1-040
layer-V1-2,G1-065,G1,standard,80,150,60,40,30,60,12,G5-043
layer-V1-2,G1-066,G1,standard,0,170,60,30,40,60,12,G1-040
layer-V1-2,G1-067,G1,standard,380,180,60,40,30,60,12,G1-039
layer-V1-2,G1-068,G1,standard,80,180,80,60,30,40,12,G1-041
layer-V1-2,G1-069,G1,standard,140,180,80,60,30,40,12,G1-042
layer-V1-2,G1-070,G1,standard,200,180,80,60,30,40,12,G1-043
layer-V1-2,G1-071,G1,standard,260,180,80,60,30,40,12,G1-044
layer-V1-2,G1-072,G1,standard,320,180,80,60,30,40,12,G1-045
layer-V1-2,G1-073,G1,standard,80,50,90,60,40,30,12,G1-046
layer-V1-2,G1-074,G1,standard,140,50,90,60,40,30,12,G1-047
layer-V1-2,G1-075,G1,standard,200,50,90,60,40,30,12,G1-048
layer-V1-2,G1-076,G1,standard,260,50,90,60,40,30,12,G1-049
layer-V1-2,G1-077,G1,standard,320,50,90,60,40,30,12,G1-050
layer-V1-2,G1-078,G1,standard,380,50,90,40,60,30,12,G1-051
layer-V1-2,G1-079,G1,standard,80,90,90,60,40,30,12,G1-046
layer-V1-2,G1-080,G1,standard,140,90,90,60,40,30,12,G1-052
layer-V1-2,G2-025,G2,standard,200,90,90,50,35,25,8,G1-053
layer-V1-2,G2-026,G2,standard,250,90,90,50,35,25,8,G1-054
layer-V1-2,G2-027,G2,standard,300,90,90,50,35,25,8,G1-055
layer-V1-2,G2-028,G2,standard,350,90,90,25,50,35,8,G1-056
layer-V1-2,G2-029,G2,standard,0,110,90,50,35,25,8,G1-057
layer-V1-2,G2-030,G2,standard,50,110,90,25,50,35,8,G1-058
layer-V1-2,G2-031,G2,standard,380,110,90,35,50,25,8,G1-063
layer-V1-2,G2-032,G2,standard,200,125,90,50,35,25,8,G1-060
layer-V1-2,G2-033,G2,standard,250,125,90,50,35,25,8,G1-061
layer-V1-2,G2-034,G2,standard,300,125,90,50,35,25,8,G1-062
layer-V1-2,G2-035,G2,standard,120,130,90,50,35,25,8,G1-059
layer-V1-2,G2-036,G2,standard,170,130,90,25,50,35,8,G1-060
layer-V1-2,G2-037,G2,standard,350,140,90,25,35,50,8,G1-063
layer-V1-2,G2-038,G2,standard,0,145,90,50,25,35,8,G1-057
layer-V1-2,G2-039,G2,standard,50,160,90,25,50,35,8,G1-064
layer-V1-2,G2-040,G2,standard,200,90,115,50,35,25,8,G2-025
layer-V1-2,G2-041,G2,standard,250,90,115,50,35,25,8,G2-026
layer-V1-2,G2-042,G2,standard,300,90,115,50,35,25,8,G2-027
layer-V1-2,G2-043,G2,standard,0,110,115,50,35,25,8,G2-029
layer-V1-2,G2-044,G2,standard,380,110,115,35,50,25,8,G2-031
layer-V1-2,G2-045,G2,standard,200,125,115,50,35,25,8,G2-032
layer-V1-2,G2-046,G2,standard,250,125,115,50,35,25,8,G2-033
layer-V1-2,G2-047,G2,standard,300,125,115,50,35,25,8,G2-034
layer-V1-2,G2-048,G2,standard,120,130,115,50,35,25,8,G2-035
layer-V1-2,G2-049,G2,standard,92,45,120,35,50,25,8,G1-073
layer-V1-2,G2-050,G2,standard,127,45,120,50,35,25,8,G1-074
layer-V1-2,G2-051,G2,standard,177,45,120,50,35,25,8,G1-075
layer-V1-2,G2-052,G2,standard,227,45,120,50,35,25,8,G1-075
layer-V1-2,G2-053,G2,standard,277,45,120,50,35,25,8,G1-076
layer-V1-2,G2-054,G2,standard,327,45,120,50,35,25,8,G1-077
layer-V1-2,G2-055,G2,standard,377,45,120,35,50,25,8,G1-078
layer-V1-2,G2-056,G2,standard,127,80,120,50,35,25,8,G1-080
layer-V1-2,G2-057,G2,standard,92,95,120,25,50,35,8,G1-079
layer-V1-2,G2-058,G2,standard,92,145,120,25,50,35,8,G1-065
layer-V1-2,G2-059,G2,standard,0,170,120,50,35,25,8,G1-066
layer-V1-2,G2-060,G2,standard,140,180,120,50,25,35,8,G1-069
layer-V1-2,G2-061,G2,standard,190,180,120,50,25,35,8,G1-070
layer-V1-2,G2-062,G2,standard,240,180,120,50,25,35,8,G1-071
layer-V1-2,G2-063,G2,standard,290,180,120,50,25,35,8,G1-071
layer-V1-2,G2-064,G2,standard,340,180,120,50,25,35,8,G1-072
layer-V1-2,G2-065,G2,standard,350,90,125,25,50,35,8,G2-028
layer-V1-2,G2-066,G2,standard,50,110,125,35,50,25,8,G2-030
layer-V1-2,G2-067,G2,standard,170,130,125,25,50,35,8,G2-036
layer-V1-2,G2-068,G2,standard,0,145,125,50,25,35,8,G2-038
layer-V1-2,G2-069,G2,standard,50,160,125,35,50,25,8,G2-039
layer-V1-2,G2-070,G2,standard,208,82,140,35,50,25,8,G2-040
layer-V1-2,G2-071,G2,standard,243,82,140,50,35,25,8,G2-041
layer-V1-2,G2-072,G2,standard,293,82,140,50,35,25,8,G2-042
layer-V1-2,G2-073,G2,standard,0,110,140,50,35,25,8,G2-043
layer-V1-2,G2-074,G2,standard,380,110,140,35,50,25,8,G2-044
layer-V1-2,G2-075,G2,standard,243,117,140,50,35,25,8,G2-046
layer-V1-2,G2-076,G2,standard,293,117,140,50,35,25,8,G2-047
layer-V1-2,G2-077,G2,standard,128,122,140,35,50,25,8,G2-048
layer-V1-2,G2-078,G2,standard,208,132,140,35,25,50,8,G2-045
layer-V1-2,G2-079,G2,standard,350,140,140,25,35,50,8,G2-037
layer-V1-2,G2-080,G2,standard,134,38,145,35,50,25,8,G2-050
layer-V1-2,G2-081,G2,standard,169,38,145,50,35,25,8,G2-051
layer-V1-2,G2-082,G2,standard,219,38,145,50,35,25,8,G2-052
layer-V1-2,G2-083,G2,standard,269,38,145,50,35,25,8,G2-053
layer-V1-2,G2-084,G2,standard,319,38,145,50,35,25,8,G2-054
layer-V1-2,G2-085,G2,standard,369,38,145,50,35,25,8,G2-055
layer-V1-2,G2-086,G2,standard,92,45,145,35,50,25,8,G2-049
layer-V1-2,G2-087,G2,standard,134,88,145,50,25,35,8,G2-056
layer-V1-2,G2-088,G2,standard,0,170,145,50,35,25,8,G2-059
layer-V1-2,G2-089,G2,standard,50,110,150,35,50,25,8,G2-066
layer-V1-2,G2-090,G2,standard,50,160,150,35,50,25,8,G2-069
layer-V1-2,G2-091,G2,standard,87,95,155,35,50,25,8,G2-057
layer-V1-2,G2-092,G2,standard,87,145,155,35,50,25,8,G2-058
layer-V1-2,G2-093,G2,standard,202,175,155,25,35,50,8,G2-061
layer-V1-2,G2-094,G2,standard,227,175,155,50,35,25,8,G2-062
layer-V1-2,G2-095,G2,standard,277,175,155,50,35,25,8,G2-063
layer-V1-2,G2-096,G2,standard,327,175,155,50,35,25,8,G2-064
layer-V1-2,G2-097,G2,standard,377,175,155,25,35,50,8,G2-064
layer-V1-2,G2-098,G2,standard,140,180,155,50,25,35,8,G2-060
layer-V1-2,G2-099,G2,standard,345,90,160,35,50,25,8,G2-065
layer-V1-2,G2-100,G2,standard,165,130,160,35,50,25,8,G2-067
layer-V1-2,G3-013,G3,fragile,208,82,165,70,50,40,15,G2-070|G2-071|G2-075
layer-V1-2,G3-014,G3,fragile,278,82,165,50,70,40,15,G2-071|G2-072|G2-075|G2-076
